ÀàÄ¿±àÂë,id
A00.0,0
A00.1,1
A00.9,2
A01.0,3
A01.2,4
A01.4,5
A02,6
A02.0,7
A02.2,8
A02.8,9
A02.9,10
A03,11
A03.0,12
A03.1,13
A03.8,14
A03.9,15
A04,16
A04.0,17
A04.4,18
A04.8,19
A04.9,20
A05.2,21
A05.9,22
A06.0,23
A06.1,24
A06.3,25
A06.4,26
A06.5,27
A06.6,28
A06.8,29
A06.9,30
A07.9,31
A08,32
A08.0,33
A08.1,34
A08.3,35
A08.4,36
A08.5,37
A09,38
A09.0,39
A09.9,40
A15,41
A15.0,42
A15.1,43
A15.2,44
A15.3,45
A15.6,46
A16,47
A16.0,48
A16.1,49
A16.2,50
A16.3,51
A16.4,52
A16.5,53
A16.7,54
A16.8,55
A16.9,56
A17.0,57
A17.8,58
A18.0,59
A18.1,60
A18.2,61
A18.3,62
A18.4,63
A18.8,64
A19.0,65
A19.2,66
A19.9,67
A22.1,68
A23.1,69
A23.9,70
A24.0,71
A24.1,72
A27.9,73
A30.8,74
A31.0,75
A31.1,76
A31.9,77
A32.8,78
A37.9,79
A38,80
A39.0,81
A40.3,82
A41,83
A41.5,84
A41.8,85
A41.9,86
A46,87
A46.0,88
A48.1,89
A48.8,90
A49.1,91
A49.3,92
A49.8,93
A49.9,94
A50.0,95
A50.3,96
A52.0,97
A52.1,98
A52.3,99
A53.0,100
A53.9,101
A54.0,102
A54.1,103
A54.2,104
A54.9,105
A56.0,106
A56.1,107
A56.2,108
A56.3,109
A57,110
A58,111
A59.0,112
A60.0,113
A60.1,114
A63.0,115
A69.1,116
A74.0,117
A75.3,118
A79.9,119
A80.9,120
A81.9,121
A83.0,122
A86,123
A87,124
A87.9,125
A88.1,126
A92.1,127
A98.4,128
A98.5,129
A98.8,130
A99,131
B00.0,132
B00.1,133
B00.2,134
B00.8,135
B00.9,136
B01,137
B01.9,138
B02,139
B02.0,140
B02.2,141
B02.3,142
B02.7,143
B02.8,144
B02.9,145
B05.2,146
B05.8,147
B05.9,148
B06.8,149
B06.9,150
B07,151
B08,152
B08.2,153
B08.4,154
B08.5,155
B08.8,156
B09,157
B15.0,158
B15.9,159
B16,160
B16.1,161
B16.2,162
B16.9,163
B17,164
B17.0,165
B17.1,166
B17.2,167
B17.8,168
B17.9,169
B18,170
B18.0,171
B18.1,172
B18.2,173
B18.8,174
B18.9,175
B19,176
B19.9,177
B20.1,178
B20.7,179
B21.2,180
B22,181
B24,182
B24 0,183
B25.0,184
B25.9,185
B26,186
B26.0,187
B26.1,188
B26.2,189
B26.8,190
B26.9,191
B27.9,192
B30.2,193
B30.9,194
B33,195
B33.0,196
B33.2,197
B33.8,198
B34.8,199
B34.9,200
B35.2,201
B35.3,202
B35.4,203
B35.6,204
B35.9,205
B36.9,206
B37.0,207
B37.1,208
B37.3,209
B37.4,210
B37.6,211
B37.8,212
B39.9,213
B40.1,214
B40.2,215
B43.0,216
B43.2,217
B44.1,218
B45.0,219
B45.1,220
B45.9,221
B46.2,222
B48,223
B48.8,224
B49,225
B50.9,226
B54,227
B57,228
B59,229
B60.1,230
B60.2,231
B65.0,232
B65.2,233
B65.9,234
B66.1,235
B66.4,236
B66.9,237
B67.0,238
B67.8,239
B69.0,240
B69.8,241
B69.9,242
B70,243
B74.9,244
B76.9,245
B79,246
B86,247
B90,248
B90.9,249
B91,250
B94,251
B95.3,252
B96.0,253
B96.1,254
B96.3,255
B97.2,256
B97.4,257
B97.7,258
B97.8,259
B99,260
C00,261
C00.2,262
C00.9,263
C01,264
C02,265
C02.0,266
C02.1,267
C02.2,268
C02.9,269
C03.0,270
C03.1,271
C03.9,272
C04,273
C04.9,274
C05,275
C05.0,276
C05.1,277
C05.9,278
C06.0,279
C06.2,280
C06.9,281
C07,282
C08.0,283
C08.9,284
C09.1,285
C09.9,286
C10.9,287
C11,288
C11.1,289
C11.2,290
C11.9,291
C12,292
C13.9,293
C14,294
C14.0,295
C14.8,296
C15,297
C15.0,298
C15.1,299
C15.2,300
C15.3,301
C15.4,302
C15.5,303
C15.8,304
C15.9,305
C16,306
C16.0,307
C16.1,308
C16.2,309
C16.3,310
C16.4,311
C16.5,312
C16.6,313
C16.8,314
C16.9,315
C17.0,316
C17.1,317
C17.2,318
C17.9,319
C18,320
C18.0,321
C18.1,322
C18.2,323
C18.3,324
C18.4,325
C18.5,326
C18.6,327
C18.7,328
C18.8,329
C18.9,330
C19,331
C20,332
C20 0,333
C20.0,334
C20.9,335
C21,336
C21.0,337
C21.1,338
C21.8,339
C22,340
C22.0,341
C22.1,342
C22.2,343
C22.3,344
C22.7,345
C22.9,346
C23,347
C24.0,348
C24.1,349
C24.9,350
C25,351
C25.0,352
C25.1,353
C25.4,354
C25.9,355
C26.0,356
C26.1,357
C26.8,358
C26.9,359
C30,360
C30.0,361
C30.1,362
C31.0,363
C31.1,364
C31.9,365
C32.0,366
C32.1,367
C32.9,368
C33,369
C34.0,370
C34.1,371
C34.2,372
C34.3,373
C34.8,374
C34.9,375
C37,376
C37 0,377
C38,378
C38.1,379
C38.3,380
C38.4,381
C39.8,382
C40,383
C40.2,384
C40.3,385
C40.9,386
C41.0,387
C41.1,388
C41.2,389
C41.3,390
C41.4,391
C41.9,392
C43.1,393
C43.3,394
C43.7,395
C43.9,396
C44,397
C44.0,398
C44.1,399
C44.2,400
C44.3,401
C44.4,402
C44.5,403
C44.6,404
C44.7,405
C44.9,406
C45.0,407
C45.1,408
C45.7,409
C47.4,410
C48,411
C48.0,412
C48.1,413
C48.2,414
C49,415
C49.0,416
C49.1,417
C49.2,418
C49.3,419
C49.4,420
C49.5,421
C49.8,422
C49.9,423
C50,424
C50.0,425
C50.1,426
C50.2,427
C50.3,428
C50.4,429
C50.5,430
C50.6,431
C50.8,432
C50.9,433
C51.2,434
C51.9,435
C52,436
C53.0,437
C53.9,438
C54,439
C54.1,440
C54.3,441
C54.9,442
C55,443
C56,444
C56.0,445
C57,446
C57.0,447
C57.4,448
C58,449
C60.1,450
C60.9,451
C61,452
C62.9,453
C63.2,454
C63.7,455
C63.9,456
C64,457
C65,458
C66,459
C67,460
C67.2,461
C67.4,462
C67.6,463
C67.7,464
C67.9,465
C68.0,466
C68.8,467
C68.9,468
C69.3,469
C69.5,470
C69.9,471
C70.0,472
C70.9,473
C71,474
C71.0,475
C71.1,476
C71.2,477
C71.3,478
C71.5,479
C71.6,480
C71.7,481
C71.8,482
C71.9,483
C72.0,484
C72.9,485
C73,486
C74.9,487
C75.0,488
C75.1,489
C75.2,490
C75.3,491
C76.0,492
C76.1,493
C76.2,494
C76.3,495
C76.4,496
C76.5,497
C76.7,498
C77,499
C77.0,500
C77.1,501
C77.2,502
C77.3,503
C77.4,504
C77.9,505
C78,506
C78.0,507
C78.1,508
C78.2,509
C78.3,510
C78.5,511
C78.6,512
C78.7,513
C78.8,514
C79.0,515
C79.1,516
C79.2,517
C79.3,518
C79.4,519
C79.5,520
C79.6,521
C79.8,522
C80,523
C81.0,524
C81.1,525
C81.2,526
C81.9,527
C82.0,528
C82.7,529
C82.9,530
C83.0,531
C83.3,532
C83.4,533
C83.6,534
C83.8,535
C83.9,536
C84.2,537
C84.3,538
C84.4,539
C84.5,540
C85,541
C85.0,542
C85.1,543
C85.7,544
C85.9,545
C88.0,546
C88.9,547
C90,548
C90.0,549
C90.1,550
C90.2,551
C91,552
C91.0,553
C91.1,554
C91.9,555
C92,556
C92.0,557
C92.1,558
C92.4,559
C92.5,560
C92.7,561
C92.9,562
C93.0,563
C94.0,564
C94.2,565
C94.4,566
C94.5,567
C94.7,568
C95,569
C95.0,570
C95.1,571
C95.9,572
C96,573
C96.1,574
C96.7,575
C96.9,576
C97,577
D00.0,578
D00.1,579
D00.2,580
D01.0,581
D01.2,582
D01.4,583
D01.5,584
D02.0,585
D02.2,586
D02.4,587
D04.1,588
D04.9,589
D05.1,590
D05.7,591
D05.9,592
D06,593
D06.1,594
D06.7,595
D06.9,596
D07.0,597
D07.2,598
D07.3,599
D07.4,600
D07.5,601
D09.0,602
D09.9,603
D10.0,604
D10.1,605
D10.2,606
D10.3,607
D10.4,608
D10.6,609
D10.9,610
D11,611
D11.0,612
D11.7,613
D11.9,614
D12,615
D12.0,616
D12.1,617
D12.2,618
D12.3,619
D12.5,620
D12.6,621
D12.8,622
D12.9,623
D13,624
D13.0,625
D13.1,626
D13.2,627
D13.3,628
D13.4,629
D13.5,630
D13.6,631
D13.7,632
D13.9,633
D14,634
D14.0,635
D14.1,636
D14.3,637
D15.0,638
D15.1,639
D15.2,640
D15.7,641
D15.9,642
D16,643
D16.0,644
D16.1,645
D16.2,646
D16.3,647
D16.4,648
D16.5,649
D16.6,650
D16.7,651
D16.8,652
D16.9,653
D17,654
D17.0,655
D17.1,656
D17.2,657
D17.3,658
D17.4,659
D17.5,660
D17.7,661
D17.9,662
D18.0,663
D18.1,664
D19.9,665
D20.0,666
D20.1,667
D21.0,668
D21.1,669
D21.2,670
D21.3,671
D21.4,672
D21.6,673
D21.9,674
D22.0,675
D22.9,676
D23,677
D23.1,678
D23.2,679
D23.3,680
D23.4,681
D23.5,682
D23.6,683
D23.7,684
D23.9,685
D24,686
D25,687
D25.0,688
D25.1,689
D25.2,690
D25.9,691
D26,692
D26.0,693
D26.1,694
D26.9,695
D27,696
D28,697
D28.0,698
D28.1,699
D28.2,700
D28.7,701
D29,702
D29.0,703
D29.1,704
D29.2,705
D29.3,706
D29.4,707
D30,708
D30.0,709
D30.1,710
D30.2,711
D30.3,712
D30.4,713
D32.0,714
D32.1,715
D32.9,716
D33,717
D33.0,718
D33.1,719
D33.2,720
D33.3,721
D33.4,722
D33.7,723
D33.9,724
D34,725
D35,726
D35.0,727
D35.1,728
D35.2,729
D35.9,730
D36.1,731
D36.2,732
D36.7,733
D36.9,734
D37,735
D37.0,736
D37.1,737
D37.10,738
D37.2,739
D37.4,740
D37.5,741
D37.6,742
D37.7,743
D37.9,744
D38.1,745
D38.3,746
D38.5,747
D39.0,748
D39.1,749
D39.2,750
D39.7,751
D40.0,752
D40.1,753
D40.7,754
D41.0,755
D41.1,756
D41.2,757
D41.4,758
D41.9,759
D42.0,760
D42.9,761
D43,762
D43.2,763
D43.3,764
D43.9,765
D44.0,766
D44.1,767
D44.3,768
D44.4,769
D44.7,770
D45,771
D46,772
D46.0,773
D46.2,774
D46.4,775
D46.9,776
D47.1,777
D47.2,778
D47.3,779
D47.9,780
D48,781
D48.0,782
D48.1,783
D48.3,784
D48.5,785
D48.6,786
D48.7,787
D48.9,788
D50,789
D50.0,790
D50.9,791
D51,792
D51.0,793
D51.1,794
D51.9,795
D53.0,796
D53.1,797
D53.8,798
D53.9,799
D55,800
D56,801
D56.1,802
D56.9,803
D57.1,804
D58.0,805
D58.2,806
D58.9,807
D59,808
D59.1,809
D59.3,810
D59.5,811
D59.6,812
D59.9,813
D60,814
D60.9,815
D61.1,816
D61.8,817
D61.9,818
D62,819
D62.0,820
D64,821
D64.3,822
D64.8,823
D64.9,824
D65,825
D66,826
D67,827
D68.0,828
D68.2,829
D68.4,830
D68.8,831
D68.9,832
D69,833
D69.0,834
D69.1,835
D69.2,836
D69.3,837
D69.4,838
D69.5,839
D69.6,840
D69.8,841
D69.9,842
D70,843
D72,844
D72.1,845
D72.8,846
D72.9,847
D73,848
D73.0,849
D73.1,850
D73.4,851
D73.5,852
D73.8,853
D73.9,854
D74.9,855
D75,856
D75.1,857
D75.2,858
D75.8,859
D75.9,860
D76.0,861
D76.1,862
D76.3,863
D80.1,864
D86.0,865
D86.2,866
D86.9,867
E02,868
E03.0,869
E03.3,870
E03.8,871
E03.9,872
E04,873
E04.0,874
E04.1,875
E04.2,876
E04.9,877
E05,878
E05.0,879
E05.2,880
E05.5,881
E05.8,882
E05.9,883
E06.0,884
E06.1,885
E06.3,886
E06.5,887
E06.9,888
E07,889
E07.8,890
E07.9,891
E10,892
E10.0,893
E10.1,894
E10.2,895
E10.3,896
E10.4,897
E10.5,898
E10.6,899
E10.7,900
E10.9,901
E11,902
E11.0,903
E11.1,904
E11.2,905
E11.3,906
E11.4,907
E11.5,908
E11.6,909
E11.7,910
E11.8,911
E11.9,912
E12.9,913
E13,914
E13.0,915
E13.2,916
E13.5,917
E13.6,918
E13.7,919
E13.9,920
E14,921
E14.0,922
E14.1,923
E14.2,924
E14.3,925
E14.4,926
E14.5,927
E14.6,928
E14.7,929
E14.8,930
E14.9,931
E15,932
E16,933
E16.0,934
E16.1,935
E16.2,936
E16.3,937
E20.0,938
E20.8,939
E20.9,940
E21.0,941
E21.3,942
E22.1,943
E23,944
E23.0,945
E23.2,946
E23.6,947
E23.7,948
E24,949
E24.1,950
E24.9,951
E25,952
E25.0,953
E25.9,954
E26.0,955
E27.1,956
E27.2,957
E27.4,958
E27.8,959
E27.9,960
E28,961
E28.2,962
E28.8,963
E28.9,964
E30,965
E32.1,966
E32.8,967
E34.0,968
E34.9,969
E41,970
E42,971
E43,972
E44,973
E44.0,974
E44.1,975
E46,976
E50.7,977
E51.2,978
E52,979
E53.8,980
E53.9,981
E56.9,982
E65,983
E66.2,984
E66.9,985
E70.0,986
E70.2,987
E71.0,988
E71.1,989
E72,990
E72.4,991
E72.5,992
E74.8,993
E75,994
E75.1,995
E75.2,996
E75.3,997
E75.5,998
E77.8,999
E77.9,1000
E78.0,1001
E78.1,1002
E78.2,1003
E78.4,1004
E78.5,1005
E78.8,1006
E78.9,1007
E79.0,1008
E80.2,1009
E80.4,1010
E80.5,1011
E80.6,1012
E83.0,1013
E83.1,1014
E83.5,1015
E83.9,1016
E84.9,1017
E85.4,1018
E85.9,1019
E86,1020
E87,1021
E87.0,1022
E87.1,1023
E87.2,1024
E87.3,1025
E87.4,1026
E87.5,1027
E87.6,1028
E87.7,1029
E87.8,1030
E88.0,1031
E88.2,1032
E88.8,1033
E88.9,1034
E89.3,1035
F00,1036
F00.0,1037
F00.2,1038
F00.9,1039
F01,1040
F01.0,1041
F01.1,1042
F01.2,1043
F01.3,1044
F01.9,1045
F02,1046
F02.3,1047
F03,1048
F05.0,1049
F06.0,1050
F06.2,1051
F06.3,1052
F06.4,1053
F06.5,1054
F06.6,1055
F06.7,1056
F06.8,1057
F06.9,1058
F07.1,1059
F07.2,1060
F07.8,1061
F07.9,1062
F09,1063
F09.0,1064
F10,1065
F10.0,1066
F10.2,1067
F10.3,1068
F10.5,1069
F10.8,1070
F10.9,1071
F15,1072
F19.5,1073
F20,1074
F20.0,1075
F20.1,1076
F20.2,1077
F20.3,1078
F20.4,1079
F20.5,1080
F20.6,1081
F20.8,1082
F20.9,1083
F22,1084
F22.0,1085
F22.9,1086
F23.1,1087
F23.2,1088
F23.9,1089
F25.0,1090
F25.1,1091
F25.9,1092
F28,1093
F29,1094
F30.0,1095
F30.1,1096
F30.2,1097
F30.8,1098
F30.9,1099
F31,1100
F31.0,1101
F31.1,1102
F31.2,1103
F31.3,1104
F31.4,1105
F31.5,1106
F31.6,1107
F31.9,1108
F32,1109
F32.0,1110
F32.1,1111
F32.2,1112
F32.3,1113
F32.8,1114
F32.9,1115
F33.0,1116
F33.1,1117
F33.2,1118
F33.3,1119
F33.9,1120
F34.1,1121
F38.1,1122
F39,1123
F41,1124
F41.0,1125
F41.1,1126
F41.2,1127
F41.9,1128
F42.0,1129
F42.9,1130
F43,1131
F43.1,1132
F43.2,1133
F43.3,1134
F43.9,1135
F44.4,1136
F44.5,1137
F44.6,1138
F44.8,1139
F44.9,1140
F45,1141
F45.0,1142
F45.2,1143
F45.3,1144
F45.4,1145
F45.9,1146
F48,1147
F48.0,1148
F48.8,1149
F48.9,1150
F50.0,1151
F51.0,1152
F51.9,1153
F60,1154
F60.0,1155
F60.6,1156
F60.8,1157
F63.9,1158
F70,1159
F70.9,1160
F71,1161
F71.1,1162
F71.9,1163
F72,1164
F72.9,1165
F79,1166
F79.9,1167
F80.9,1168
F82,1169
F84.0,1170
F84.2,1171
F90,1172
F90.9,1173
F91.9,1174
F95.9,1175
F98.0,1176
F98.8,1177
F99,1178
G00,1179
G00.9,1180
G03.8,1181
G03.9,1182
G04.8,1183
G04.9,1184
G06.0,1185
G06.2,1186
G08,1187
G09,1188
G10,1189
G11.9,1190
G12.2,1191
G20,1192
G21.9,1193
G23.8,1194
G24.3,1195
G24.4,1196
G24.5,1197
G24.9,1198
G25,1199
G25.0,1200
G25.2,1201
G25.3,1202
G25.5,1203
G25.9,1204
G30,1205
G30.1,1206
G30.9,1207
G31,1208
G31.0,1209
G31.1,1210
G31.2,1211
G31.8,1212
G31.9,1213
G32.0,1214
G35,1215
G36.0,1216
G37,1217
G37.1,1218
G37.8,1219
G37.9,1220
G40,1221
G40.0,1222
G40.1,1223
G40.2,1224
G40.3,1225
G40.4,1226
G40.5,1227
G40.6,1228
G40.7,1229
G40.8,1230
G40.9,1231
G41,1232
G41.0,1233
G41.1,1234
G41.8,1235
G41.9,1236
G43.0,1237
G43.1,1238
G43.2,1239
G43.8,1240
G43.9,1241
G44.1,1242
G44.2,1243
G44.4,1244
G44.8,1245
G45,1246
G45.0,1247
G45.1,1248
G45.3,1249
G45.8,1250
G45.9,1251
G46,1252
G46.3,1253
G46.4,1254
G47.0,1255
G47.3,1256
G47.9,1257
G50.0,1258
G50.1,1259
G50.8,1260
G50.9,1261
G51,1262
G51.0,1263
G51.3,1264
G51.8,1265
G51.9,1266
G52.1,1267
G52.2,1268
G52.3,1269
G52.7,1270
G52.8,1271
G52.9,1272
G53.0,1273
G54,1274
G54.0,1275
G54.1,1276
G54.2,1277
G54.4,1278
G54.5,1279
G54.9,1280
G55.1,1281
G55.2,1282
G56.0,1283
G56.1,1284
G56.2,1285
G56.3,1286
G56.9,1287
G57,1288
G57.0,1289
G57.1,1290
G57.2,1291
G57.3,1292
G57.6,1293
G58.0,1294
G58.7,1295
G58.8,1296
G58.9,1297
G59.0,1298
G60.0,1299
G61.0,1300
G61.9,1301
G62.1,1302
G62.2,1303
G62.9,1304
G63.2,1305
G64,1306
G64.0,1307
G70.0,1308
G70.1,1309
G70.9,1310
G71.0,1311
G71.1,1312
G71.3,1313
G71.8,1314
G72,1315
G72.1,1316
G72.2,1317
G72.3,1318
G72.4,1319
G72.8,1320
G72.9,1321
G73.5,1322
G80.9,1323
G81,1324
G81.1,1325
G81.9,1326
G82.1,1327
G82.2,1328
G82.5,1329
G83.2,1330
G83.3,1331
G83.4,1332
G83.8,1333
G83.9,1334
G90.0,1335
G90.2,1336
G90.3,1337
G90.8,1338
G90.9,1339
G91.0,1340
G91.1,1341
G91.2,1342
G91.3,1343
G91.9,1344
G92,1345
G93,1346
G93.0,1347
G93.1,1348
G93.2,1349
G93.4,1350
G93.5,1351
G93.6,1352
G93.8,1353
G93.9,1354
G95,1355
G95.0,1356
G95.1,1357
G95.2,1358
G95.8,1359
G95.9,1360
G96.0,1361
G96.8,1362
G97.1,1363
G97.8,1364
G97.9,1365
G98,1366
G99.2,1367
H00.0,1368
H00.1,1369
H01.8,1370
H01.9,1371
H02,1372
H02.0,1373
H02.1,1374
H02.3,1375
H02.4,1376
H02.5,1377
H02.6,1378
H02.8,1379
H02.9,1380
H04,1381
H04.1,1382
H04.3,1383
H04.4,1384
H04.5,1385
H04.6,1386
H04.8,1387
H05.0,1388
H05.1,1389
H05.8,1390
H05.9,1391
H10.3,1392
H10.4,1393
H10.8,1394
H10.9,1395
H11.0,1396
H11.1,1397
H11.3,1398
H11.4,1399
H11.8,1400
H11.9,1401
H15.0,1402
H16.0,1403
H16.1,1404
H16.2,1405
H16.8,1406
H16.9,1407
H17.8,1408
H18,1409
H18.1,1410
H18.4,1411
H18.8,1412
H18.9,1413
H19.1,1414
H20,1415
H20.0,1416
H20.1,1417
H20.8,1418
H20.9,1419
H21.0,1420
H21.5,1421
H25.0,1422
H25.1,1423
H25.2,1424
H25.9,1425
H26,1426
H26.0,1427
H26.1,1428
H26.2,1429
H26.4,1430
H26.8,1431
H26.9,1432
H27.1,1433
H28.1,1434
H30.8,1435
H30.9,1436
H31.0,1437
H31.3,1438
H31.4,1439
H31.8,1440
H33,1441
H33.0,1442
H33.2,1443
H33.3,1444
H33.4,1445
H33.5,1446
H34,1447
H34.0,1448
H34.1,1449
H34.2,1450
H34.8,1451
H34.9,1452
H35,1453
H35.0,1454
H35.2,1455
H35.3,1456
H35.4,1457
H35.5,1458
H35.6,1459
H35.7,1460
H35.8,1461
H35.9,1462
H36.0,1463
H40,1464
H40.0,1465
H40.1,1466
H40.2,1467
H40.4,1468
H40.5,1469
H40.9,1470
H43,1471
H43.1,1472
H43.2,1473
H43.3,1474
H43.8,1475
H43.9,1476
H44.0,1477
H44.1,1478
H44.5,1479
H44.7,1480
H44.8,1481
H44.9,1482
H46,1483
H47.0,1484
H47.1,1485
H47.2,1486
H47.3,1487
H47.7,1488
H49.0,1489
H49.1,1490
H49.2,1491
H49.3,1492
H49.8,1493
H49.9,1494
H50,1495
H50.0,1496
H50.1,1497
H50.4,1498
H50.9,1499
H51.8,1500
H51.9,1501
H52.1,1502
H52.2,1503
H52.3,1504
H52.7,1505
H53.0,1506
H53.1,1507
H53.2,1508
H53.8,1509
H53.9,1510
H54.0,1511
H54.5,1512
H55,1513
H57.1,1514
H57.8,1515
H59.0,1516
H60.0,1517
H60.3,1518
H60.4,1519
H60.5,1520
H60.9,1521
H61.0,1522
H61.1,1523
H61.8,1524
H61.9,1525
H65.2,1526
H65.4,1527
H65.9,1528
H66,1529
H66.0,1530
H66.3,1531
H66.4,1532
H66.9,1533
H68.0,1534
H70.0,1535
H70.1,1536
H70.8,1537
H70.9,1538
H71,1539
H72,1540
H72.9,1541
H73.0,1542
H73.8,1543
H74.1,1544
H74.9,1545
H80.2,1546
H81.0,1547
H81.1,1548
H81.2,1549
H81.3,1550
H81.4,1551
H81.8,1552
H81.9,1553
H82,1554
H83.3,1555
H90.2,1556
H90.3,1557
H90.4,1558
H90.5,1559
H90.8,1560
H91.0,1561
H91.1,1562
H91.2,1563
H91.3,1564
H91.8,1565
H91.9,1566
H92.0,1567
H92.1,1568
H93.0,1569
H93.1,1570
H93.2,1571
H93.8,1572
H93.9,1573
I00,1574
I01,1575
I01.1,1576
I01.2,1577
I01.9,1578
I05,1579
I05.0,1580
I05.1,1581
I05.2,1582
I05.9,1583
I06.0,1584
I06.1,1585
I06.2,1586
I06.9,1587
I07.0,1588
I07.1,1589
I08,1590
I08.0,1591
I08.8,1592
I08.9,1593
I09,1594
I09.0,1595
I09.1,1596
I09.8,1597
I09.9,1598
I10,1599
I11,1600
I11.0,1601
I11.9,1602
I12,1603
I12.0,1604
I12.9,1605
I13.9,1606
I14.9,1607
I15,1608
I15.0,1609
I15.1,1610
I15.9,1611
I18.9,1612
I20,1613
I20.0,1614
I20.1,1615
I20.8,1616
I20.9,1617
I21,1618
I21.0,1619
I21.1,1620
I21.2,1621
I21.3,1622
I21.4,1623
I21.9,1624
I22.9,1625
I23.0,1626
I24,1627
I24.0,1628
I24.1,1629
I24.8,1630
I24.9,1631
I25,1632
I25.0,1633
I25.1,1634
I25.2,1635
I25.3,1636
I25.4,1637
I25.5,1638
I25.6,1639
I25.8,1640
I25.9,1641
I26.0,1642
I26.9,1643
I27.0,1644
I27.8,1645
I27.9,1646
I28.0,1647
I28.1,1648
I28.8,1649
I30.1,1650
I30.8,1651
I30.9,1652
I31,1653
I31.1,1654
I31.3,1655
I31.9,1656
I33,1657
I33.0,1658
I33.9,1659
I34.0,1660
I34.1,1661
I34.2,1662
I34.8,1663
I35.0,1664
I35.1,1665
I35.2,1666
I35.8,1667
I35.9,1668
I36.1,1669
I36.8,1670
I37.0,1671
I38,1672
I39,1673
I40,1674
I40.0,1675
I40.2,1676
I40.8,1677
I40.9,1678
I42,1679
I42.0,1680
I42.1,1681
I42.2,1682
I42.5,1683
I42.6,1684
I42.8,1685
I42.9,1686
I44,1687
I44.1,1688
I44.2,1689
I44.3,1690
I44.4,1691
I44.6,1692
I44.7,1693
I45.0,1694
I45.1,1695
I45.4,1696
I45.5,1697
I45.6,1698
I46,1699
I46.0,1700
I46.1,1701
I46.9,1702
I47.0,1703
I47.1,1704
I47.2,1705
I47.9,1706
I48,1707
I49,1708
I49.0,1709
I49.1,1710
I49.2,1711
I49.3,1712
I49.4,1713
I49.5,1714
I49.8,1715
I49.9,1716
I50,1717
I50.0,1718
I50.1,1719
I50.9,1720
I51,1721
I51.3,1722
I51.4,1723
I51.5,1724
I51.6,1725
I51.7,1726
I51.8,1727
I51.9,1728
I52.8,1729
I60,1730
I60.1,1731
I60.2,1732
I60.3,1733
I60.4,1734
I60.6,1735
I60.8,1736
I60.9,1737
I61,1738
I61.0,1739
I61.1,1740
I61.2,1741
I61.3,1742
I61.4,1743
I61.5,1744
I61.6,1745
I61.8,1746
I61.9,1747
I62,1748
I62.0,1749
I62.1,1750
I62.9,1751
I63,1752
I63.0,1753
I63.2,1754
I63.3,1755
I63.4,1756
I63.5,1757
I63.6,1758
I63.8,1759
I63.9,1760
I64,1761
I65,1762
I65.0,1763
I65.1,1764
I65.2,1765
I65.9,1766
I66,1767
I66.0,1768
I66.1,1769
I66.3,1770
I66.4,1771
I66.8,1772
I66.9,1773
I67,1774
I67.1,1775
I67.2,1776
I67.3,1777
I67.4,1778
I67.5,1779
I67.7,1780
I67.8,1781
I67.9,1782
I68.8,1783
I69,1784
I69.0,1785
I69.1,1786
I69.2,1787
I69.3,1788
I69.4,1789
I69.8,1790
I70,1791
I70.0,1792
I70.1,1793
I70.2,1794
I70.8,1795
I70.9,1796
I71.0,1797
I71.2,1798
I71.3,1799
I71.4,1800
I71.9,1801
I72,1802
I72.0,1803
I72.1,1804
I72.3,1805
I72.4,1806
I72.8,1807
I72.9,1808
I73.0,1809
I73.1,1810
I73.8,1811
I73.9,1812
I74.0,1813
I74.1,1814
I74.2,1815
I74.3,1816
I74.4,1817
I74.5,1818
I74.8,1819
I74.9,1820
I77,1821
I77.0,1822
I77.1,1823
I77.2,1824
I77.5,1825
I77.6,1826
I77.8,1827
I77.9,1828
I79.8,1829
I80,1830
I80.0,1831
I80.1,1832
I80.2,1833
I80.3,1834
I80.8,1835
I80.9,1836
I81,1837
I82,1838
I82.2,1839
I82.8,1840
I82.9,1841
I83,1842
I83.0,1843
I83.1,1844
I83.2,1845
I83.9,1846
I84,1847
I84.0,1848
I84.1,1849
I84.2,1850
I84.3,1851
I84.4,1852
I84.5,1853
I84.7,1854
I84.8,1855
I84.9,1856
I85,1857
I85.0,1858
I85.9,1859
I86,1860
I86.1,1861
I86.2,1862
I86.4,1863
I86.8,1864
I87,1865
I87.1,1866
I87.2,1867
I87.8,1868
I87.9,1869
I88,1870
I88.0,1871
I88.1,1872
I88.8,1873
I88.9,1874
I89,1875
I89.0,1876
I89.1,1877
I89.8,1878
I95.0,1879
I95.1,1880
I95.2,1881
I95.8,1882
I95.9,1883
I97.1,1884
I97.8,1885
I97.9,1886
I99,1887
J00,1888
J01.0,1889
J01.1,1890
J01.8,1891
J01.9,1892
J02,1893
J02.8,1894
J02.9,1895
J03,1896
J03.0,1897
J03.9,1898
J04,1899
J04.0,1900
J04.1,1901
J04.2,1902
J05.1,1903
J06,1904
J06.0,1905
J06.8,1906
J06.9,1907
J09,1908
J10.1,1909
J10.8,1910
J11,1911
J11.0,1912
J11.1,1913
J11.8,1914
J12.1,1915
J12.8,1916
J12.9,1917
J13,1918
J15,1919
J15.0,1920
J15.2,1921
J15.4,1922
J15.7,1923
J15.8,1924
J15.9,1925
J16.0,1926
J17,1927
J17.2,1928
J18,1929
J18.0,1930
J18.1,1931
J18.2,1932
J18.8,1933
J18.9,1934
J20,1935
J20.3,1936
J20.6,1937
J20.7,1938
J20.8,1939
J20.9,1940
J21,1941
J21.9,1942
J22,1943
J30,1944
J30.3,1945
J30.4,1946
J31.0,1947
J31.1,1948
J31.2,1949
J32,1950
J32.0,1951
J32.1,1952
J32.2,1953
J32.3,1954
J32.4,1955
J32.8,1956
J32.9,1957
J33.0,1958
J33.8,1959
J33.9,1960
J34,1961
J34.0,1962
J34.1,1963
J34.2,1964
J34.3,1965
J34.8,1966
J35,1967
J35.0,1968
J35.1,1969
J35.2,1970
J35.3,1971
J35.8,1972
J35.9,1973
J36,1974
J37,1975
J37.0,1976
J38,1977
J38.0,1978
J38.1,1979
J38.2,1980
J38.3,1981
J38.4,1982
J38.6,1983
J38.7,1984
J39,1985
J39.0,1986
J39.2,1987
J39.3,1988
J39.8,1989
J39.9,1990
J40,1991
J41,1992
J41.0,1993
J41.1,1994
J41.8,1995
J42,1996
J43,1997
J43.0,1998
J43.1,1999
J43.8,2000
J43.9,2001
J44,2002
J44.0,2003
J44.1,2004
J44.8,2005
J44.9,2006
J45,2007
J45.0,2008
J45.9,2009
J46,2010
J47,2011
J61,2012
J62.8,2013
J63.4,2014
J64,2015
J67.7,2016
J67.9,2017
J68.9,2018
J69.0,2019
J69.1,2020
J70.0,2021
J70.9,2022
J80,2023
J81,2024
J82,2025
J84,2026
J84.0,2027
J84.1,2028
J84.8,2029
J84.9,2030
J85.1,2031
J85.2,2032
J85.3,2033
J86.0,2034
J86.9,2035
J90,2036
J92.9,2037
J93,2038
J93.0,2039
J93.1,2040
J93.8,2041
J93.9,2042
J94,2043
J94.2,2044
J94.8,2045
J94.9,2046
J96,2047
J96.0,2048
J96.1,2049
J96.9,2050
J98,2051
J98.0,2052
J98.1,2053
J98.2,2054
J98.4,2055
J98.5,2056
J98.6,2057
J98.8,2058
J98.9,2059
J99,2060
K01.0,2061
K01.1,2062
K02,2063
K03,2064
K03.9,2065
K04.0,2066
K04.4,2067
K04.5,2068
K04.7,2069
K04.8,2070
K04.9,2071
K05.0,2072
K05.1,2073
K05.2,2074
K05.3,2075
K05.5,2076
K05.6,2077
K06.8,2078
K06.9,2079
K07.6,2080
K08,2081
K08.3,2082
K08.8,2083
K09,2084
K09.0,2085
K09.1,2086
K09.2,2087
K09.8,2088
K09.9,2089
K10,2090
K10.2,2091
K10.8,2092
K10.9,2093
K11.1,2094
K11.2,2095
K11.3,2096
K11.5,2097
K11.6,2098
K11.7,2099
K11.8,2100
K11.9,2101
K12,2102
K12.0,2103
K12.1,2104
K12.2,2105
K13.0,2106
K13.2,2107
K13.4,2108
K13.6,2109
K13.7,2110
K13.8,2111
K14.8,2112
K14.9,2113
K20,2114
K21,2115
K21.0,2116
K21.9,2117
K22.0,2118
K22.1,2119
K22.2,2120
K22.3,2121
K22.4,2122
K22.5,2123
K22.6,2124
K22.8,2125
K22.9,2126
K23.8,2127
K25,2128
K25.0,2129
K25.1,2130
K25.3,2131
K25.4,2132
K25.5,2133
K25.7,2134
K25.9,2135
K26,2136
K26.0,2137
K26.1,2138
K26.2,2139
K26.3,2140
K26.4,2141
K26.5,2142
K26.6,2143
K26.7,2144
K26.9,2145
K27,2146
K27.0,2147
K27.1,2148
K27.2,2149
K27.4,2150
K27.5,2151
K27.7,2152
K27.9,2153
K28,2154
K28.4,2155
K28.5,2156
K28.7,2157
K28.9,2158
K29,2159
K29.0,2160
K29.1,2161
K29.3,2162
K29.4,2163
K29.5,2164
K29.6,2165
K29.7,2166
K29.8,2167
K29.9,2168
K30,2169
K31,2170
K31.0,2171
K31.1,2172
K31.5,2173
K31.6,2174
K31.7,2175
K31.8,2176
K31.9,2177
K35,2178
K35.0,2179
K35.1,2180
K35.9,2181
K36,2182
K37,2183
K38,2184
K38.0,2185
K38.8,2186
K38.9,2187
K40,2188
K40.0,2189
K40.2,2190
K40.3,2191
K40.9,2192
K41,2193
K41.9,2194
K42.0,2195
K42.9,2196
K43,2197
K43.0,2198
K43.9,2199
K44.9,2200
K45,2201
K45.8,2202
K46,2203
K46.0,2204
K46.9,2205
K50,2206
K50.0,2207
K50.1,2208
K50.9,2209
K51,2210
K51.0,2211
K51.1,2212
K51.2,2213
K51.3,2214
K51.4,2215
K51.8,2216
K51.9,2217
K52,2218
K52.0,2219
K52.1,2220
K52.2,2221
K52.8,2222
K52.9,2223
K55,2224
K55.0,2225
K55.1,2226
K55.2,2227
K55.8,2228
K55.9,2229
K56,2230
K56.0,2231
K56.1,2232
K56.2,2233
K56.4,2234
K56.5,2235
K56.6,2236
K56.7,2237
K57.1,2238
K57.3,2239
K58.9,2240
K59,2241
K59.0,2242
K59.1,2243
K59.3,2244
K59.8,2245
K59.9,2246
K60,2247
K60.0,2248
K60.1,2249
K60.2,2250
K60.3,2251
K60.4,2252
K60.5,2253
K61,2254
K61.0,2255
K61.1,2256
K61.2,2257
K61.3,2258
K62,2259
K62.0,2260
K62.1,2261
K62.2,2262
K62.3,2263
K62.30,2264
K62.4,2265
K62.5,2266
K62.6,2267
K62.7,2268
K62.8,2269
K62.9,2270
K63,2271
K63.1,2272
K63.2,2273
K63.3,2274
K63.4,2275
K63.5,2276
K63.8,2277
K63.9,2278
K65.0,2279
K65.8,2280
K65.9,2281
K66,2282
K66.0,2283
K66.1,2284
K66.8,2285
K66.9,2286
K67.3,2287
K70,2288
K70.0,2289
K70.1,2290
K70.2,2291
K70.3,2292
K70.4,2293
K70.9,2294
K71.2,2295
K71.6,2296
K71.9,2297
K72,2298
K72.0,2299
K72.1,2300
K72.9,2301
K73,2302
K73.0,2303
K73.1,2304
K73.2,2305
K73.8,2306
K73.9,2307
K74,2308
K74.0,2309
K74.1,2310
K74.2,2311
K74.3,2312
K74.5,2313
K74.6,2314
K75.0,2315
K75.2,2316
K75.4,2317
K75.8,2318
K75.9,2319
K76,2320
K76.0,2321
K76.1,2322
K76.3,2323
K76.6,2324
K76.7,2325
K76.8,2326
K76.9,2327
K77.0,2328
K77.8,2329
K80,2330
K80.0,2331
K80.1,2332
K80.2,2333
K80.3,2334
K80.4,2335
K80.5,2336
K80.8,2337
K81,2338
K81.0,2339
K81.1,2340
K81.8,2341
K81.9,2342
K82,2343
K82.0,2344
K82.1,2345
K82.2,2346
K82.3,2347
K82.4,2348
K82.8,2349
K82.9,2350
K83,2351
K83.0,2352
K83.1,2353
K83.5,2354
K83.6,2355
K83.8,2356
K83.9,2357
K84.6,2358
K85,2359
K85.0,2360
K85.1,2361
K85.3,2362
K85.5,2363
K85.8,2364
K85.9,2365
K86.1,2366
K86.2,2367
K86.3,2368
K86.8,2369
K86.9,2370
K90.8,2371
K90.9,2372
K91,2373
K91.1,2374
K91.2,2375
K91.3,2376
K91.4,2377
K91.5,2378
K91.8,2379
K92,2380
K92.0,2381
K92.1,2382
K92.2,2383
K92.8,2384
K92.9,2385
K93,2386
K93.0,2387
L01.0,2388
L01.1,2389
L02,2390
L02.0,2391
L02.1,2392
L02.2,2393
L02.3,2394
L02.4,2395
L02.8,2396
L02.9,2397
L03,2398
L03.0,2399
L03.1,2400
L03.2,2401
L03.3,2402
L03.8,2403
L03.9,2404
L04.0,2405
L04.2,2406
L04.3,2407
L04.9,2408
L05.9,2409
L08,2410
L08.0,2411
L08.8,2412
L08.9,2413
L10.0,2414
L10.4,2415
L10.8,2416
L10.9,2417
L12.0,2418
L12.9,2419
L13.0,2420
L13.1,2421
L20.8,2422
L20.9,2423
L21.9,2424
L23,2425
L23.8,2426
L23.9,2427
L25.9,2428
L26,2429
L27.0,2430
L27.1,2431
L28.0,2432
L28.1,2433
L28.2,2434
L29.0,2435
L29.8,2436
L29.9,2437
L3/4,2438
L30,2439
L30.2,2440
L30.3,2441
L30.8,2442
L30.9,2443
L40,2444
L40.0,2445
L40.1,2446
L40.3,2447
L40.4,2448
L40.5,2449
L40.8,2450
L40.9,2451
L41.2,2452
L42,2453
L43.9,2454
L44.0,2455
L50,2456
L50.2,2457
L50.8,2458
L50.9,2459
L51.0,2460
L51.2,2461
L51.8,2462
L51.9,2463
L52,2464
L53.1,2465
L53.8,2466
L53.9,2467
L56.2,2468
L56.4,2469
L56.9,2470
L57,2471
L57.8,2472
L60.0,2473
L70.9,2474
L72,2475
L72.0,2476
L72.1,2477
L72.2,2478
L72.8,2479
L72.9,2480
L73.2,2481
L73.9,2482
L75.0,2483
L75.2,2484
L80,2485
L81.1,2486
L82,2487
L84,2488
L85.0,2489
L85.1,2490
L85.3,2491
L88,2492
L89,2493
L89.0,2494
L89.9,2495
L90.1,2496
L90.4,2497
L90.5,2498
L91.0,2499
L91.8,2500
L92.9,2501
L93.0,2502
L93.2,2503
L94.9,2504
L95,2505
L95.8,2506
L95.9,2507
L97,2508
L97.1,2509
L98,2510
L98.4,2511
L98.8,2512
L98.9,2513
L99.8,2514
M00.2,2515
M00.9,2516
M01.4,2517
M01.6,2518
M02,2519
M02.9,2520
M05.1,2521
M05.2,2522
M05.3,2523
M05.9,2524
M06,2525
M06.0,2526
M06.1,2527
M06.3,2528
M06.8,2529
M06.9,2530
M07.3,2531
M08.2,2532
M10,2533
M10.0,2534
M10.3,2535
M10.4,2536
M10.9,2537
M12.2,2538
M12.3,2539
M12.5,2540
M12.8,2541
M13,2542
M13.0,2543
M13.1,2544
M13.8,2545
M13.9,2546
M15,2547
M15.0,2548
M15.8,2549
M15.9,2550
M16,2551
M16.1,2552
M16.6,2553
M16.7,2554
M16.9,2555
M17,2556
M17.0,2557
M17.1,2558
M17.3,2559
M17.4,2560
M17.5,2561
M17.9,2562
M18,2563
M19.1,2564
M19.8,2565
M19.9,2566
M20.0,2567
M20.1,2568
M20.4,2569
M20.5,2570
M20.6,2571
M21.0,2572
M21.1,2573
M21.4,2574
M21.6,2575
M21.9,2576
M22,2577
M22.1,2578
M22.3,2579
M22.4,2580
M22.8,2581
M22.9,2582
M23,2583
M23.0,2584
M23.1,2585
M23.2,2586
M23.3,2587
M23.4,2588
M24.0,2589
M24.1,2590
M24.2,2591
M24.3,2592
M24.4,2593
M24.5,2594
M24.6,2595
M24.8,2596
M24.9,2597
M25,2598
M25.0,2599
M25.3,2600
M25.4,2601
M25.5,2602
M25.6,2603
M25.7,2604
M25.8,2605
M25.9,2606
M30.0,2607
M30.3,2608
M30.8,2609
M31.0,2610
M31.1,2611
M31.3,2612
M31.4,2613
M31.6,2614
M31.7,2615
M31.8,2616
M32.1,2617
M32.9,2618
M33.1,2619
M33.2,2620
M33.9,2621
M34.1,2622
M34.8,2623
M34.9,2624
M35,2625
M35.0,2626
M35.1,2627
M35.2,2628
M35.3,2629
M35.8,2630
M35.9,2631
M36.0,2632
M40.2,2633
M41,2634
M41.1,2635
M41.9,2636
M43.0,2637
M43.1,2638
M43.4,2639
M43.6,2640
M43.9,2641
M45,2642
M45 0,2643
M45.9,2644
M46,2645
M46.1,2646
M46.3,2647
M46.8,2648
M46.9,2649
M47,2650
M47.0,2651
M47.1,2652
M47.2,2653
M47.8,2654
M47.9,2655
M48,2656
M48.0,2657
M48.3,2658
M48.4,2659
M48.5,2660
M48.8,2661
M48.9,2662
M50,2663
M50.0,2664
M50.1,2665
M50.2,2666
M50.3,2667
M50.8,2668
M50.9,2669
M51,2670
M51.0,2671
M51.1,2672
M51.2,2673
M51.3,2674
M51.8,2675
M51.9,2676
M53.0,2677
M53.1,2678
M53.2,2679
M53.3,2680
M53.8,2681
M53.9,2682
M54.1,2683
M54.2,2684
M54.3,2685
M54.4,2686
M54.5,2687
M54.9,2688
M60,2689
M60.0,2690
M60.2,2691
M60.9,2692
M61.5,2693
M62.4,2694
M62.6,2695
M62.8,2696
M62.9,2697
M65,2698
M65.0,2699
M65.1,2700
M65.3,2701
M65.8,2702
M65.9,2703
M66.1,2704
M66.3,2705
M66.5,2706
M67.0,2707
M67.1,2708
M67.4,2709
M67.8,2710
M67.9,2711
M70,2712
M70.4,2713
M70.5,2714
M70.9,2715
M71,2716
M71.2,2717
M71.3,2718
M71.9,2719
M72,2720
M72.2,2721
M72.3,2722
M72.5,2723
M72.9,2724
M75.0,2725
M75.4,2726
M75.5,2727
M75.8,2728
M75.9,2729
M76.1,2730
M76.5,2731
M76.6,2732
M76.8,2733
M77.1,2734
M77.2,2735
M77.3,2736
M77.8,2737
M77.9,2738
M79,2739
M79.0,2740
M79.1,2741
M79.2,2742
M79.3,2743
M79.5,2744
M79.6,2745
M79.8,2746
M79.9,2747
M80,2748
M80.0,2749
M80.2,2750
M80.9,2751
M81.0,2752
M81.8,2753
M81.9,2754
M83.9,2755
M84.0,2756
M84.1,2757
M84.2,2758
M84.3,2759
M84.4,2760
M85.0,2761
M85.1,2762
M85.3,2763
M85.5,2764
M85.6,2765
M85.8,2766
M86.1,2767
M86.4,2768
M86.6,2769
M86.8,2770
M86.9,2771
M87,2772
M87.0,2773
M87.8,2774
M87.9,2775
M89,2776
M89.0,2777
M89.3,2778
M89.4,2779
M89.8,2780
M89.9,2781
M90.0,2782
M91.1,2783
M9130,2784
M9180,2785
M92.8,2786
M926,2787
M93.2,2788
M93.8,2789
M93.9,2790
M94.0,2791
M94.1,2792
M94.8,2793
M95,2794
M95.0,2795
M96.6,2796
M99.5,2797
N00,2798
N00.9,2799
N01.9,2800
N02,2801
N02.5,2802
N02.8,2803
N03,2804
N03.1,2805
N03.2,2806
N03.3,2807
N03.5,2808
N03.9,2809
N04,2810
N04.0,2811
N04.2,2812
N04.8,2813
N04.9,2814
N05,2815
N05.0,2816
N05.1,2817
N05.2,2818
N05.3,2819
N05.9,2820
N07.9,2821
N08,2822
N08.0,2823
N08.2,2824
N08.3,2825
N10,2826
N11.1,2827
N11.9,2828
N12,2829
N13,2830
N13.0,2831
N13.2,2832
N13.3,2833
N13.4,2834
N13.5,2835
N13.6,2836
N13.7,2837
N13.8,2838
N13.9,2839
N14.2,2840
N15.1,2841
N15.9,2842
N16.5,2843
N17,2844
N17.0,2845
N17.8,2846
N17.9,2847
N17.90,2848
N18,2849
N18.0,2850
N18.8,2851
N18.9,2852
N19,2853
N20,2854
N20.0,2855
N20.1,2856
N20.2,2857
N20.9,2858
N21,2859
N21.0,2860
N21.1,2861
N21.9,2862
N23,2863
N25.8,2864
N26,2865
N28,2866
N28.1,2867
N28.8,2868
N28.9,2869
N30.0,2870
N30.1,2871
N30.2,2872
N30.3,2873
N30.4,2874
N30.8,2875
N30.9,2876
N31,2877
N31.2,2878
N31.9,2879
N32,2880
N32.0,2881
N32.1,2882
N32.2,2883
N32.3,2884
N32.8,2885
N32.9,2886
N34,2887
N34.0,2888
N34.1,2889
N34.2,2890
N34.3,2891
N35.1,2892
N35.9,2893
N36,2894
N36.0,2895
N36.2,2896
N36.8,2897
N36.9,2898
N39,2899
N39.0,2900
N39.2,2901
N39.3,2902
N39.8,2903
N39.9,2904
N40,2905
N41,2906
N41.0,2907
N41.1,2908
N41.2,2909
N41.3,2910
N41.8,2911
N41.9,2912
N42,2913
N42.0,2914
N42.1,2915
N42.8,2916
N42.9,2917
N43.0,2918
N43.2,2919
N43.3,2920
N44,2921
N45,2922
N45.0,2923
N45.9,2924
N46,2925
N47,2926
N48.1,2927
N48.2,2928
N48.3,2929
N48.4,2930
N48.5,2931
N48.6,2932
N48.8,2933
N48.9,2934
N49.0,2935
N49.1,2936
N49.2,2937
N50.8,2938
N50.9,2939
N60.0,2940
N60.1,2941
N60.2,2942
N60.3,2943
N60.4,2944
N60.8,2945
N60.9,2946
N61,2947
N62,2948
N63,2949
N63 0,2950
N64,2951
N64.1,2952
N64.5,2953
N64.8,2954
N64.9,2955
N70,2956
N70.0,2957
N70.1,2958
N70.9,2959
N71,2960
N71.0,2961
N71.1,2962
N71.9,2963
N72,2964
N73,2965
N73.0,2966
N73.1,2967
N73.2,2968
N73.3,2969
N73.4,2970
N73.5,2971
N73.6,2972
N73.8,2973
N73.9,2974
N74.4,2975
N75,2976
N75.0,2977
N75.1,2978
N75.8,2979
N75.9,2980
N76,2981
N76.0,2982
N76.1,2983
N76.2,2984
N76.4,2985
N76.6,2986
N76.8,2987
N80,2988
N80.0,2989
N80.1,2990
N80.3,2991
N80.6,2992
N80.8,2993
N80.9,2994
N81.0,2995
N81.1,2996
N81.2,2997
N81.3,2998
N81.4,2999
N81.5,3000
N81.6,3001
N81.8,3002
N81.9,3003
N82.0,3004
N82.1,3005
N82.3,3006
N82.5,3007
N82.8,3008
N83,3009
N83.0,3010
N83.1,3011
N83.2,3012
N83.5,3013
N83.8,3014
N83.9,3015
N84,3016
N84.0,3017
N84.1,3018
N84.8,3019
N85,3020
N85.0,3021
N85.1,3022
N85.2,3023
N85.6,3024
N85.7,3025
N85.8,3026
N85.9,3027
N86,3028
N87.0,3029
N87.1,3030
N87.2,3031
N87.9,3032
N88,3033
N88.1,3034
N88.3,3035
N88.4,3036
N88.8,3037
N88.9,3038
N89,3039
N89.6,3040
N89.7,3041
N89.8,3042
N89.9,3043
N90,3044
N90.3,3045
N90.4,3046
N90.7,3047
N90.8,3048
N91,3049
N91.0,3050
N91.5,3051
N92.0,3052
N92.1,3053
N92.2,3054
N92.3,3055
N92.4,3056
N92.6,3057
N93.8,3058
N93.9,3059
N94.6,3060
N94.8,3061
N94.9,3062
N95,3063
N95.0,3064
N95.1,3065
N95.2,3066
N95.9,3067
N97.1,3068
N97.8,3069
N97.9,3070
N98.1,3071
N99,3072
N99.8,3073
O00,3074
O00.0,3075
O00.1,3076
O00.2,3077
O00.8,3078
O00.9,3079
O01.0,3080
O01.9,3081
O02,3082
O02.1,3083
O03,3084
O03.4,3085
O03.9,3086
O04,3087
O04.4,3088
O04.9,3089
O06,3090
O06.4,3091
O06.9,3092
O07,3093
O07.6,3094
O08,3095
O08.0,3096
O08.1,3097
O08.3,3098
O08.8,3099
O08.9,3100
O10.0,3101
O10.1,3102
O10.3,3103
O10.9,3104
O11,3105
O12.1,3106
O12.2,3107
O13,3108
O14.0,3109
O14.1,3110
O14.9,3111
O15.0,3112
O15.9,3113
O16,3114
O20.0,3115
O21.0,3116
O21.1,3117
O21.2,3118
O21.9,3119
O23.5,3120
O24.0,3121
O24.1,3122
O24.3,3123
O24.4,3124
O24.9,3125
O25,3126
O26.6,3127
O26.8,3128
O26.9,3129
O28,3130
O30.0,3131
O32.1,3132
O32.2,3133
O33.1,3134
O33.9,3135
O34.0,3136
O34.1,3137
O34.2,3138
O34.4,3139
O34.8,3140
O35.8,3141
O36.3,3142
O36.4,3143
O36.5,3144
O36.6,3145
O36.8,3146
O40,3147
O41,3148
O41.0,3149
O42.0,3150
O42.9,3151
O43.1,3152
O43.8,3153
O44,3154
O44.0,3155
O44.1,3156
O45.9,3157
O46.8,3158
O46.9,3159
O47.0,3160
O47.9,3161
O48,3162
O60,3163
O60.1,3164
O62.0,3165
O62.1,3166
O62.2,3167
O62.3,3168
O62.4,3169
O63.1,3170
O64.0,3171
O64.8,3172
O65.4,3173
O65.9,3174
O66.4,3175
O66.9,3176
O69.0,3177
O69.1,3178
O69.2,3179
O69.3,3180
O70.0,3181
O70.1,3182
O70.9,3183
O71.1,3184
O71.6,3185
O72.0,3186
O72.1,3187
O72.2,3188
O73.0,3189
O73.1,3190
O80,3191
O80.0,3192
O80.8,3193
O80.9,3194
O81.5,3195
O82,3196
O82.0,3197
O82.8,3198
O82.9,3199
O83.1,3200
O84.2,3201
O85,3202
O86.0,3203
O86.4,3204
O88.1,3205
O90.1,3206
O90.8,3207
O91.1,3208
O92.6,3209
O94,3210
O98.8,3211
O99,3212
O99.0,3213
O99.1,3214
O99.2,3215
O99.4,3216
O99.5,3217
O99.6,3218
O99.8,3219
P05.1,3220
P05.9,3221
P07.1,3222
P07.3,3223
P08.0,3224
P14.9,3225
P20,3226
P20.9,3227
P21.9,3228
P23,3229
P23.9,3230
P55.1,3231
P57,3232
P59.8,3233
P59.9,3234
P70.1,3235
P75,3236
P77,3237
P83.5,3238
P91.1,3239
P96.8,3240
Q01.8,3241
Q02,3242
Q04.3,3243
Q05.8,3244
Q05.9,3245
Q10.0,3246
Q12.0,3247
Q12.2,3248
Q13.8,3249
Q14.1,3250
Q16.1,3251
Q18.0,3252
Q18.1,3253
Q20.4,3254
Q21,3255
Q21.0,3256
Q21.1,3257
Q21.3,3258
Q21.8,3259
Q23.0,3260
Q23.1,3261
Q23.9,3262
Q24.4,3263
Q24.5,3264
Q24.6,3265
Q24.8,3266
Q24.9,3267
Q25.0,3268
Q25.3,3269
Q26.9,3270
Q27.2,3271
Q27.8,3272
Q28.2,3273
Q28.3,3274
Q28.8,3275
Q31.3,3276
Q31.8,3277
Q32.4,3278
Q33.8,3279
Q35.9,3280
Q36.9,3281
Q38.1,3282
Q39.1,3283
Q39.8,3284
Q40.0,3285
Q40.1,3286
Q40.8,3287
Q40.9,3288
Q43.0,3289
Q43.1,3290
Q43.6,3291
Q44.1,3292
Q44.5,3293
Q44.6,3294
Q45.3,3295
Q50.3,3296
Q50.5,3297
Q51.8,3298
Q51.9,3299
Q52.1,3300
Q52.8,3301
Q53.9,3302
Q54,3303
Q54.1,3304
Q54.3,3305
Q54.9,3306
Q55.4,3307
Q55.6,3308
Q60.0,3309
Q61,3310
Q61.0,3311
Q61.2,3312
Q61.3,3313
Q61.4,3314
Q62.1,3315
Q62.2,3316
Q62.5,3317
Q63.8,3318
Q63.9,3319
Q64.1,3320
Q64.3,3321
Q64.7,3322
Q65.2,3323
Q65.4,3324
Q65.6,3325
Q65.8,3326
Q65.9,3327
Q66,3328
Q66.0,3329
Q66.5,3330
Q66.6,3331
Q66.8,3332
Q66.9,3333
Q67.5,3334
Q67.6,3335
Q67.8,3336
Q68.0,3337
Q68.1,3338
Q68.2,3339
Q69,3340
Q69.9,3341
Q70.9,3342
Q72.4,3343
Q75.8,3344
Q76.2,3345
Q76.4,3346
Q76.6,3347
Q76.7,3348
Q77,3349
Q78.1,3350
Q78.2,3351
Q78.4,3352
Q82.5,3353
Q83.1,3354
Q83.8,3355
Q84.5,3356
Q85.0,3357
Q85.9,3358
Q87.2,3359
Q87.4,3360
Q89.2,3361
Q90.9,3362
Q91.3,3363
Q98.4,3364
Q98.451,3365
R00,3366
R00.0,3367
R00.1,3368
R00.2,3369
R02,3370
R03.0,3371
R04.0,3372
R04.1,3373
R04.2,3374
R04.8,3375
R04.9,3376
R05,3377
R06,3378
R06.0,3379
R06.4,3380
R06.5,3381
R06.6,3382
R06.8,3383
R07,3384
R07.0,3385
R07.2,3386
R07.3,3387
R07.4,3388
R09,3389
R09.0,3390
R09.1,3391
R09.2,3392
R10,3393
R10.0,3394
R10.1,3395
R10.2,3396
R10.3,3397
R10.4,3398
R11,3399
R13,3400
R14,3401
R16,3402
R16.1,3403
R16.2,3404
R17,3405
R18,3406
R19,3407
R19.0,3408
R19.4,3409
R19.5,3410
R19.8,3411
R20.1,3412
R20.2,3413
R20.8,3414
R21,3415
R22,3416
R22.0,3417
R22.1,3418
R22.2,3419
R22.3,3420
R22.4,3421
R22.9,3422
R23.0,3423
R25.1,3424
R25.3,3425
R26.8,3426
R27.8,3427
R29.4,3428
R29.8,3429
R30.0,3430
R30.9,3431
R31,3432
R32,3433
R33,3434
R35,3435
R39.0,3436
R39.1,3437
R39.8,3438
R40.0,3439
R40.2,3440
R41,3441
R42,3442
R45.0,3443
R45.1,3444
R45.2,3445
R45.4,3446
R45.5,3447
R47.0,3448
R47.1,3449
R49.0,3450
R50,3451
R50.1,3452
R50.8,3453
R50.9,3454
R51,3455
R52,3456
R52.9,3457
R53,3458
R54,3459
R55,3460
R56.0,3461
R56.8,3462
R57,3463
R57.0,3464
R57.1,3465
R57.8,3466
R57.9,3467
R58,3468
R59.0,3469
R59.9,3470
R60.0,3471
R60.1,3472
R60.9,3473
R61.0,3474
R61.9,3475
R62.8,3476
R63.0,3477
R64,3478
R65.9,3479
R68,3480
R68.3,3481
R68.8,3482
R70,3483
R70.1,3484
R72,3485
R73,3486
R73.0,3487
R73.9,3488
R74.0,3489
R74.8,3490
R77.8,3491
R78.8,3492
R79,3493
R79.8,3494
R80,3495
R81,3496
R82.0,3497
R82.3,3498
R82.9,3499
R83,3500
R84,3501
R84.9,3502
R86,3503
R90.0,3504
R91,3505
R93.1,3506
R93.3,3507
R94.2,3508
R94.3,3509
R94.4,3510
R94.5,3511
R94.6,3512
R94.8,3513
R96.0,3514
R99,3515
S00,3516
S00.0,3517
S00.2,3518
S00.3,3519
S00.4,3520
S00.7,3521
S00.8,3522
S00.9,3523
S01,3524
S01.0,3525
S01.1,3526
S01.2,3527
S01.3,3528
S01.5,3529
S01.8,3530
S01.9,3531
S02.0,3532
S02.1,3533
S02.2,3534
S02.4,3535
S02.6,3536
S02.7,3537
S02.8,3538
S02.9,3539
S03.4,3540
S04.0,3541
S04.1,3542
S04.5,3543
S04.9,3544
S05.0,3545
S05.1,3546
S05.3,3547
S05.5,3548
S05.6,3549
S05.8,3550
S05.9,3551
S06,3552
S06.0,3553
S06.2,3554
S06.3,3555
S06.4,3556
S06.5,3557
S06.6,3558
S06.7,3559
S06.8,3560
S06.9,3561
S07,3562
S07.0,3563
S08.0,3564
S09,3565
S09.2,3566
S09.7,3567
S09.8,3568
S09.9,3569
S10.0,3570
S10.9,3571
S11.0,3572
S11.9,3573
S12,3574
S12.7,3575
S12.9,3576
S13.1,3577
S13.2,3578
S13.4,3579
S13.6,3580
S14.1,3581
S14.3,3582
S14.6,3583
S16,3584
S19.8,3585
S19.9,3586
S20.2,3587
S20.4,3588
S20.8,3589
S21.9,3590
S22,3591
S22.0,3592
S22.1,3593
S22.2,3594
S22.3,3595
S22.4,3596
S22.9,3597
S23.2,3598
S24,3599
S27.0,3600
S27.1,3601
S27.2,3602
S27.3,3603
S27.9,3604
S28.0,3605
S29,3606
S29.8,3607
S29.9,3608
S30.0,3609
S30.1,3610
S30.2,3611
S30.8,3612
S30.9,3613
S31.0,3614
S31.1,3615
S31.4,3616
S31.8,3617
S32.0,3618
S32.1,3619
S32.2,3620
S32.3,3621
S32.4,3622
S32.5,3623
S32.7,3624
S32.8,3625
S33,3626
S33.0,3627
S33.1,3628
S33.3,3629
S33.5,3630
S33.6,3631
S33.7,3632
S34,3633
S34.1,3634
S34.2,3635
S35.9,3636
S36.0,3637
S36.1,3638
S36.3,3639
S36.4,3640
S36.5,3641
S36.9,3642
S37.0,3643
S37.3,3644
S37.4,3645
S37.9,3646
S38.3,3647
S39.0,3648
S39.8,3649
S39.9,3650
S40,3651
S40.0,3652
S41,3653
S41.1,3654
S42,3655
S42.0,3656
S42.1,3657
S42.2,3658
S42.3,3659
S42.4,3660
S42.7,3661
S42.8,3662
S42.9,3663
S43,3664
S43.0,3665
S43.1,3666
S43.4,3667
S43.40,3668
S43.7,3669
S44.1,3670
S45.1,3671
S46.0,3672
S46.3,3673
S46.9,3674
S47,3675
S49.9,3676
S50.1,3677
S50.7,3678
S50.9,3679
S51,3680
S51.7,3681
S51.9,3682
S52,3683
S52.0,3684
S52.1,3685
S52.2,3686
S52.3,3687
S52.4,3688
S52.5,3689
S52.6,3690
S52.7,3691
S52.8,3692
S52.9,3693
S53.0,3694
S53.1,3695
S53.4,3696
S54.0,3697
S54.1,3698
S54.2,3699
S56.2,3700
S56.3,3701
S56.8,3702
S59.9,3703
S60,3704
S60.0,3705
S60.1,3706
S60.2,3707
S60.9,3708
S61,3709
S61.0,3710
S61.1,3711
S61.9,3712
S62,3713
S62.0,3714
S62.1,3715
S62.2,3716
S62.3,3717
S62.5,3718
S62.6,3719
S62.7,3720
S62.8,3721
S63.0,3722
S63.1,3723
S63.4,3724
S63.5,3725
S63.6,3726
S64.4,3727
S66.1,3728
S66.2,3729
S66.3,3730
S66.5,3731
S66.6,3732
S66.9,3733
S67.0,3734
S67.8,3735
S68.0,3736
S68.1,3737
S68.2,3738
S68.9,3739
S69,3740
S69.7,3741
S69.9,3742
S70.0,3743
S70.1,3744
S70.9,3745
S71.0,3746
S71.1,3747
S71.7,3748
S72,3749
S72.0,3750
S72.1,3751
S72.2,3752
S72.3,3753
S72.4,3754
S72.7,3755
S72.8,3756
S72.9,3757
S73,3758
S73.0,3759
S73.1,3760
S74.0,3761
S75.0,3762
S75.1,3763
S76.1,3764
S76.4,3765
S77.0,3766
S79.9,3767
S80.0,3768
S80.1,3769
S80.7,3770
S80.8,3771
S80.9,3772
S81.0,3773
S81.9,3774
S82,3775
S82.0,3776
S82.1,3777
S82.2,3778
S82.3,3779
S82.4,3780
S82.5,3781
S82.6,3782
S82.7,3783
S82.8,3784
S82.9,3785
S83,3786
S83.0,3787
S83.1,3788
S83.2,3789
S83.3,3790
S83.4,3791
S83.5,3792
S83.6,3793
S83.7,3794
S84.0,3795
S84.2,3796
S85.5,3797
S86.0,3798
S86.9,3799
S87.8,3800
S88.1,3801
S88.9,3802
S89,3803
S89.7,3804
S89.9,3805
S90.0,3806
S90.1,3807
S90.2,3808
S90.3,3809
S90.7,3810
S91.1,3811
S91.2,3812
S91.3,3813
S91.7,3814
S92,3815
S92.0,3816
S92.1,3817
S92.2,3818
S92.3,3819
S92.4,3820
S92.5,3821
S92.9,3822
S93.0,3823
S93.1,3824
S93.3,3825
S93.4,3826
S93.6,3827
S95.0,3828
S95.1,3829
S95.2,3830
S96.1,3831
S96.9,3832
S97,3833
S97.0,3834
S97.8,3835
S98.4,3836
S99.7,3837
S99.8,3838
S99.9,3839
T00.8,3840
T00.9,3841
T01,3842
T01.9,3843
T02.1,3844
T02.2,3845
T02.3,3846
T02.4,3847
T02.6,3848
T02.7,3849
T02.9,3850
T03.9,3851
T04.2,3852
T04.3,3853
T05.2,3854
T06.8,3855
T07,3856
T08,3857
T09.2,3858
T09.3,3859
T10,3860
T11,3861
T11.0,3862
T11.1,3863
T11.3,3864
T11.9,3865
T12,3866
T13,3867
T13.0,3868
T13.1,3869
T13.2,3870
T13.4,3871
T13.5,3872
T13.8,3873
T13.9,3874
T14.0,3875
T14.1,3876
T14.2,3877
T14.3,3878
T14.4,3879
T14.5,3880
T14.6,3881
T14.9,3882
T15.0,3883
T16,3884
T17,3885
T17.2,3886
T17.4,3887
T17.5,3888
T18,3889
T18.1,3890
T18.2,3891
T18.4,3892
T18.5,3893
T18.9,3894
T20.0,3895
T20.2,3896
T21.0,3897
T22.0,3898
T22.2,3899
T22.4,3900
T23,3901
T23.0,3902
T23.3,3903
T24.0,3904
T24.1,3905
T24.2,3906
T24.3,3907
T25,3908
T25.2,3909
T27.7,3910
T28.7,3911
T29.0,3912
T29.2,3913
T29.3,3914
T30,3915
T30.0,3916
T30.1,3917
T30.2,3918
T30.3,3919
T31.0,3920
T31.1,3921
T31.2,3922
T31.4,3923
T31.5,3924
T31.9,3925
T42,3926
T42.3,3927
T42.4,3928
T42.7,3929
T43.3,3930
T43.5,3931
T43.9,3932
T44.3,3933
T46.0,3934
T50.9,3935
T52.1,3936
T55,3937
T56.0,3938
T58,3939
T59.8,3940
T60,3941
T60.0,3942
T60.4,3943
T62.9,3944
T63,3945
T63.0,3946
T63.4,3947
T65.8,3948
T66,3949
T67.0,3950
T67.3,3951
T67.5,3952
T70.2,3953
T73.1,3954
T75.0,3955
T75.3,3956
T75.4,3957
T78.0,3958
T78.2,3959
T78.3,3960
T78.4,3961
T79.3,3962
T79.4,3963
T79.6,3964
T79.7,3965
T80.9,3966
T81,3967
T81.0,3968
T81.2,3969
T81.3,3970
T81.4,3971
T81.8,3972
T81.9,3973
T82.2,3974
T82.7,3975
T82.8,3976
T83.0,3977
T83.3,3978
T83.9,3979
T84.0,3980
T84.2,3981
T84.5,3982
T84.6,3983
T84.8,3984
T85.2,3985
T85.3,3986
T85.7,3987
T85.9,3988
T86.1,3989
T86.8,3990
T86.9,3991
T87.3,3992
T87.4,3993
T88.7,3994
T90.2,3995
T90.3,3996
T90.5,3997
T90.9,3998
T91.1,3999
T91.2,4000
T91.3,4001
T91.8,4002
T92.1,4003
T92.2,4004
T92.3,4005
T92.5,4006
T92.6,4007
T92.8,4008
T92.9,4009
T93.1,4010
T93.2,4011
T93.3,4012
T94.1,4013
T95,4014
T95.1,4015
T95.2,4016
T95.3,4017
T95.9,4018
T96,4019
T97,4020
V02,4021
V03,4022
V04,4023
V10,4024
V19.1,4025
V28,4026
V42,4027
V45,4028
V49.0,4029
V54,4030
V58,4031
V58.0,4032
V58.4,4033
V67.0,4034
V72,4035
V77.5,4036
V79.0,4037
V79.8,4038
V81.7,4039
W01.9,4040
W12.9,4041
W18.9,4042
W25.9,4043
W26,4044
W26.9,4045
W45.9,4046
W49.9,4047
W54,4048
W57,4049
W59,4050
W74.9,4051
X09.9,4052
X10,4053
X11.9,4054
X12.9,4055
X19,4056
X19.9,4057
X20,4058
X32,4059
X41.9,4060
X44.9,4061
X50.0,4062
X59,4063
X59.9,4064
X60.3,4065
X96,4066
Y43.3,4067
Y45.5,4068
Y56.0,4069
Y56.4,4070
Y57.9,4071
Y83.0,4072
Y83.9,4073
Y84.8,4074
Z01.4,4075
Z08.0,4076
Z08.1,4077
Z08.2,4078
Z08.7,4079
Z08.9,4080
Z09.0,4081
Z09.4,4082
Z12,4083
Z12.0,4084
Z12.4,4085
Z12.5,4086
Z13,4087
Z13.1,4088
Z21,4089
Z22.5,4090
Z22.8,4091
Z29.1,4092
Z30.1,4093
Z30.2,4094
Z30.3,4095
Z30.5,4096
Z31.1,4097
Z32,4098
Z33,4099
Z33.0,4100
Z34,4101
Z34.0,4102
Z34.8,4103
Z34.9,4104
Z35.2,4105
Z35.5,4106
Z35.9,4107
Z37,4108
Z37.0,4109
Z37.5,4110
Z37.9,4111
Z38,4112
Z38.0,4113
Z39.0,4114
Z41.1,4115
Z42.8,4116
Z42.9,4117
Z43.0,4118
Z43.2,4119
Z43.3,4120
Z43.4,4121
Z43.5,4122
Z44.2,4123
Z45.0,4124
Z45.8,4125
Z46.6,4126
Z46.8,4127
Z47,4128
Z47.0,4129
Z47.8,4130
Z47.9,4131
Z48.8,4132
Z48.9,4133
Z49.0,4134
Z49.1,4135
Z49.2,4136
Z50.1,4137
Z51,4138
Z51.0,4139
Z51.1,4140
Z51.2,4141
Z51.4,4142
Z51.5,4143
Z51.8,4144
Z51.9,4145
Z53.0,4146
Z53.2,4147
Z53.8,4148
Z54,4149
Z54.0,4150
Z54.1,4151
Z54.2,4152
Z54.4,4153
Z54.7,4154
Z54.8,4155
Z55,4156
Z82.4,4157
Z82.5,4158
Z82.6,4159
Z83.3,4160
Z83.7,4161
Z85,4162
Z85.0,4163
Z85.1,4164
Z85.2,4165
Z85.3,4166
Z85.4,4167
Z85.5,4168
Z85.6,4169
Z85.7,4170
Z85.8,4171
Z85.9,4172
Z85.90,4173
Z86.0,4174
Z86.4,4175
Z86.5,4176
Z86.7,4177
Z87.1,4178
Z87.4,4179
Z87.8,4180
Z90.0,4181
Z90.4,4182
Z90.7,4183
Z90.8,4184
Z91.6,4185
Z92.4,4186
Z93.3,4187
Z93.4,4188
Z93.5,4189
Z93.8,4190
Z94,4191
Z94.0,4192
Z94.1,4193
Z94.4,4194
Z95,4195
Z95.0,4196
Z95.1,4197
Z95.5,4198
Z95.8,4199
Z95.9,4200
Z96,4201
Z96.1,4202
Z96.6,4203
Z97.8,4204
Z98,4205
Z98.1,4206
Z98.8,4207
Z99.1,4208
Z99.2,4209
